{"policy_loss": 0.0006998194148764014, "value_loss": 5.5009945754136425e-06, "running_reward": 170.21075181340976, "mean_entropy": 4.36735200881958, "ratio": 0.9559535980224609, "_runtime": 248, "_timestamp": 1640892431, "_step": 285}