{"policy_loss": 0.001959344604983926, "value_loss": 4.163888661423698e-05, "running_reward": 226.61362204837818, "mean_entropy": 4.365001678466797, "ratio": 0.9969265460968018, "_runtime": 752, "_timestamp": 1640891887, "_step": 1914}