{"loss": 0.0834901343811216, "running_reward": -960.1304627712099, "ep_reward": -1000, "epsilon": 0.10001306791569296, "_runtime": 4481, "_timestamp": 1641822265, "_step": 1188}