{"loss": 0.060245478319382526, "running_reward": -945.798864005349, "ep_reward": -1000, "epsilon": 0.1763830971338189, "_runtime": 233, "_timestamp": 1641817763, "_step": 81}